index,cut_out
0,中国式分权 新 发展 理念 语境 标尺竞争 关键词 五大发展理念 中国式分权 标尺竞争 借用 均值 定理 思路 各地 新 发展 理念 语境 社会 经济 民生 福祉 和谐 发展 二元 离散 特征 二元 离散 检验 中国式分权 体制 地方政府 财政支出 治理能力 社会 经济 民生 福祉 和谐 发展 实证研究 地级市 和谐 发展 偏离 指数 时间推移 呈 收敛 态势 标尺竞争 引致 俱乐部 效应 明显 区域 区域 并存 现象 还 十分 普遍 经济发展水平 并非 地区 和谐 发展 原因 政府 财政 支出结构偏向 关系密切 五大 发展 全新 理念 语境 地方政府 财政支出结构 调适 社会 经济 民生 福祉 和谐 发展 改进 空间 有望 
1,海洋生态补偿 制度建设 治理实践 国际比较 关键词 海洋生态补偿 制度建设 治理实践 环境影响 评估 损害赔偿 海洋 保护区 国际公约 一些 国家 制定 海洋生态补偿 制度 治理 目标 治理 方式 治理 手段 层面 概括 海洋生态补偿 国际 治理实践 借鉴 国际经验 海洋生态补偿 法律法规 管理制度 整合 管理机制 政策建议 
2,新常态 流动人口 居留意愿 家庭 消费水平 关键词 流动人口 居留意愿 消费水平 公共服务 目前 全国 流动人口 数量 已经 超过 亿 呈现 上升 趋势 这一 群体 消费行为 中国经济 内生性 增长 意义 国家 卫 计委 流动人口 动态 监测数据 统计 显示 以上 流动人口 长期 定居 意愿 工具变量 回归 流动人口 居留意愿 家庭 消费水平 相比 群体 打算 本地 长期 居住 以上 流动人口 家庭 消费水平 高出 认为 改善 城镇 公共 服务质量 有助于 流动人口 定居 意愿 拉动 消费 经济增长 
3,最低工资 拉升 产品价格 关键词 最低工资 价格传递 竞争效应 自身效应 最低工资 是否 价格水平 企业 产品 层级 理论模型 指出 最低工资标准 变动 受到 最低工资 约束 企业 直接 自身效应 还会 受 最低工资 约束 企业 间接 竞争效应 其净 效应 二者 合并 抽样调查 企业 对应 货物 销售 涵盖 全国 县级 行政区域 月度 最低工资 构造 一致 实证检验 最低工资 上调 竞争效应 自身效应 带来 产品价格 涨幅 分别 上述 统计 十分 稳健 还 自身效应 工资 接近 最低工资标准 企业 市场集中度 上升 竞争效应 变得 更为重要 
4,多个大股东 企业 融资约束 文本分析 经验 证据 关键词 多个大股东 监督 融资约束 文本分析 文本分析 融资约束 此基础 实证检验 多个大股东 企业 融资约束 相应 机理 多个大股东 公司 有着 融资约束 结论 控制 内生性 依然 成立 中介效应 检验 大股东 控股股东 掏空行为 企业 融资约束 大股东 较强 监督 动机 监督 能力 大股东 数量 持股 数量 大大 股东 容易 合谋 更好 外部环境 信息环境 法律环境 公司 融资约束 逻辑 大股东 监督 假说 提供 证据 支持 大股东 发挥 监督 企业 融资约束 情景 融资约束 更好 度量 企业 融资约束 提供 有益 参考 股权结构 安排 经济后果 提供 新 证据 支持 
5,寻找 创新驱动发展 新 思维 新 熊彼特 增长理论 思考 关键词 创新驱动发展 新熊彼特主义 科技政策 创新系统 改革开放 以来 获得 巨大 经济发展 成果 目前 已 进入 发展模式 转型期 政府 创新驱动发展 战略 强调 创新 发展 第一 动力 已经 技术追赶 阶段 逐渐 进入 前沿 科技 无人区 国家 创新体系 激发 好奇心 驱动 前瞻性 探索性 颠覆性 科技创新 国家 创新体系 转型 政府 改善 治理模式 鼓励 创新 仍然 系统性 回答 新 熊彼特 增长理论 回溯 创新 经济增长 发展 实践 讨论 经济 发展模式 创新 遇到 挑战 适用 创新驱动发展 制度建设 政策 制定 建议 
6,思维定势 创意 质量 众包 平台 实证研究 关键词 创新 思维定势 众包 人们 创新 诸多困难 挑战 过去 经验 人们 陷入 思维定势 思维定势 限定 人们 思维 创意 质量 思维定势 来源于 经验 来源于 了解 学习 别人 经验 鲜有 来源 思维定势 人们 创意 质量 异同 两种 思维定势 相互作用 某恤 众包 公司 上述 实证研究 第一 用户 没有 成功经验 别人 创意 成功 用户 造成 思维定势 用户 未来 创意 成功 积极 第二 用户 创意 成功 造成 思维定势 未来 创意 成功 消极影响 第三 用户 成功经验 别人 创意 成功 用户 造成 思维定势 缓解 用户 思维定势 消极影响 贡献 在于 思维定势 区分 来源于 两种 思维定势 用户 创意 质量 两者之间 相互作用 探讨 背后 潜在 机理 
7,内部 员工 优势 来自 企业 人事 实证证据 关键词 激励 晋升 招聘 锦标赛 探讨 职位 空缺 公司 外部 招聘 内部晋升 选择 人才 选聘 内部 员工 优势 同一 职级 招聘 外部 员工 相比 晋升 内部 员工 通用 人力资本 偏少 内部 员工 工资 晋升 概率 偏低 意味着 相比 于同 职级 内部 员工 公司 外部 员工 设置 进入 门槛 更高 不仅如此 内部 员工 优势 工作 类型 工作 职级 中均 还 细致 探讨 此类 内部 员工 优势 背后 机制 论证 管理 防御 专用 人力资本 锦标赛 竞争机制 内部 员工 优势 原因 锦标赛 竞争机制 原因 锦标赛 预期 职位 开放 现有 员工 努力 负向 职位 对外开放 现有 员工 感受 晋升 受阻 可能 主动 离职 机制 最 只能 解释 小 内部 员工 优势 
8,领导宽恕 员工 抑制性建言 关键词 领导宽恕 抑制性建言 心理安全感 本土 情境 探讨 领导宽恕 员工 抑制性建言 重点 心理安全感 中介 组织 自尊 调节作用 多层线性模型 名 主管 员工 配对 领导宽恕 员工 抑制性建言 正向 心理安全感 领导宽恕 员工 抑制性建言 中介 组织 自尊 正向 调节 心理安全感 员工 抑制性建言 
9,信息经济学 乌家 培奖 获奖 公告 正年 信息经济学 乌家 培奖 授予 清华大学 徐心 教授 北京大学 翁 翕 助理 教授 表彰 分别 信息技术 扩散 经济影响 信息 学习 激励 做出 理论创新 贡献 信息经济学 乌家 培奖 授予 哈尔滨工业大学 叶强 教授 中国人民大学 李三希 副教授 表彰 分别 社会 媒体 机制 作 拍卖 契约 设计 做出 理论创新 贡献 
10,数字技术 革命 背景 零售业 商业模式创新 关键词 零售企业 商业模式创新 数字技术 物美 集团 苏宁 云商 零售企业 扎根 上述 零售企业 商业模式创新 基本特征 环境变化 零售业 技术 变革 零售 商业模式创新 结构 揭示 企业 商业模式创新 呈现出 零售 服务体验 化 增值 化 零售 渠道 无 边界 化 无 间隙 化 零售 透明化 社会化 趋势 
11,管理 世界 杂志社 编辑部 副 主任 公开选拔 公告 管理 世界 杂志社 国务院发展研究中心 直属 正局级 事业单位 管理 世界 杂志 国家 新闻出版 广电总局 认定 学术期刊 百强 社科 期刊 国家自然科学基金委员会 认定 学术期刊 全国 哲学 社会科学 规划 办公室 认定 国家 社会科学 基金 重点 资助 期刊 三大 社科 期刊 评价 评价 多年 位居 管理 类 学术期刊 首位 中国社会科学院 期刊 评价 被誉为 管理学 唯一 顶级 期刊 杂志社 建设 吸引 高素质 专业人才 国务院发展研究中心 批准 社委会 决定 现 公开选拔 编辑部 副 主任 
12,环保督察 地方政府 履责 博弈分析 关键词 环保督察 地方政府 演化博弈模型 博弈分析 演化博弈模型 环保督察 地方政府 履责 相互作用 环保督察 机构 地方政府 动态演化博弈 寻求 相对 稳定 均衡点 处于 终局 均衡点 地方政府 履责 环保督察 保持 何种 强度 取决于 地方政府 履责 边际 成本 惩罚 效应 环保督察 边际 成本 督察 机构 激励效应 问责 激励 相 双方 边际 成本 易于控制 督察 效果 关键 单方面 环保督察 强度 督察 激励 地方政府 履责 并非 必然 关联 综合 权衡 问责 激励 策略 地方政府 履责 边际 成本 地方政府 履责 治本 之策 
13,邻里关系 农村 留守老人 身心健康 劳动力 流出地 省市 调查数据 实证分析 关键词 社交活动 健康 留守老人 倾向得分匹配 劳动力 流出地 省市 有序 邻里关系 农村 留守老人 身心健康 社交活动 留守老人 主观 身心健康 直接 促进作用 良好 邻里关系 邻里 经常 留守老人 提供 生活 照料 主观 健康 促进作用 社交活动 邻里关系 邻里 照料 间接 留守老人 主观 健康 
14,房价 股价 货币政策 资产价格 反应 模拟分析 关键词 资产价格 货币 政策反应函数 模拟分析 动态 相关系数 刻画 房价 股价 代表性 资产价格波动 实际产出 通胀率 动态 股价 房价 产出 通胀率 央行 资产价格 做出 反应 货币政策 产出 通胀率 波动 资产价格 做出 反应 货币政策 更大 损失 相对 股价 房价波动 产出 通胀率 更大 相对 严格 通胀 目标 制 混合 通胀 盯住 制 有利于 产出 通胀 波动 适合 国情 
15,经济发展 技术创新 技术溢出 行业收入差距 演变 对型 假说 理论解释 实证检验 关键词 行业收入差距 技术差距 技术进步 技术溢出 技术差距 行业收入差距 经济发展 纳入 统一 分析框架 用于 解释 刻画 经济发展 行业 收入差距 变动 规律 行业 技术差距 行业 收入差距 可分解 正向 直接效应 负向 间接效应 两种 效应 综合 取决于 行业 替代弹性 经济发展 中受 技术创新 技术溢出 行业 技术差距 经历 先 增大 缩小 倒 变化 受 技术水平 制约 行业 工资差距 服从 先 扩大 缩小 倒 先 缩小 扩大 正型 演化路径 个省 自治区 直辖市 得出 两个 假说 推论 分别 检验 实证检验 结果显示 现阶段 行业 技术差距 行业收入差距 负而 假说 相应 证实 
16,土地 承包 经营权 流转 劳动力流动 农业生产 关键词 土地 承包 经营权 流转 劳动力流动 农业生产 扭曲效应 农户 就业 决策 数理 引入 家庭 农业生产 非农 生产 比较优势 概念 土地 承包 经营权 流转 成本增加 扭曲 家庭 劳动力 务农 外出务工 配置 上海财经大学 年千村 调查 农村劳动力 城乡 转移 状态 控制 土地 承包 经营权 流转 成本 内生性 之后 土地 承包 经营权 流转 成本增加 带来 以下几点 负面影响 不利于 农村 劳动力流动 女性劳动力 外出务工 可能性 农业 生产效率 具体表现 农业生产 劳动力 结构 呈现 女性化 老龄化 趋势 家庭 土地 资源 得不到 农业 劳动力 人均 耕地 使用量 下降 最终 家庭 农业 人均 产出 
17,中国女企业家 发展 现状 期望 位女 企业家 问卷调查 报告 关键词 中国女企业家 现状 政策建议 中国女企业家 协会 中国企业家 调查 卓越 企业家 成长 基金 联合 课题组 共同完成 首次 全国 范围 大规模 女 企业家 问卷调查 报告 共 回收 问卷 份 覆盖 个省 自治区 直辖市 行业 报告 以女 企业家 队伍 现状 行为特征 领导 风格 内容 探索 女 企业家 成长 规律 困难 挑战 了解 发展 外部 环境 中国女企业家 队伍 健康成长 环境 优化 政策建议 
18,营改增 企业利润率 企业创新 关键词 营改增 利润率 创新 选取 研发 技术 服务业 信息技术 服务业 两类 行业 家 上市公司 双重差分模型 营改增 政策 企业利润率 企业创新 长期 来看 营改增 政策 能够 企业利润率 规模 越大 企业 政策 效果 营改增 企业 研发 效果 规模 越大 企业 研发 力度 小企业 以往 利润 积累 研发投入 抑制作用 
19,社会责任 信息披露 掩饰效应 上市公司 崩盘风险 来自 中国股票市场 关键词 企业社会责任 崩盘风险 强制披露 掩饰效应 代理问题 坏消息 隐匿 积累 引致 崩盘风险 社会责任 信息披露 个股 股价崩盘风险 监管 当局 强制 要求 上市公司 披露 社会责任 信息 试图 减少 信息不对称 有助于 崩盘风险 双重差分 倾向评分匹配 强制披露 政策 增大 崩盘风险 这一 金融异象 社会责任 掩饰效应 假说 经理人 代理成本 足够 大 社会责任 信息披露 企业 用来 掩盖 粉饰 企业 运营 经理人 道德风险 社会责任 信息披露 股东 经理人 利益 相对 一致 经理人 监督机制 相对 健全 财务信息 足够 透明 社会责任 信息披露 股价崩盘风险 正向 不再 
20,家庭 金融学 进展 关键词 家庭金融 投资决策 借贷决策 学科发展 着重 现代 金融学 演化 结合 金融体系结构 变化 家庭 金融学 进展 创立 背景 意义 剖析 金融学 学科 体系 位置 探讨 未来 重点 方向 论述 家庭 投资 融资决策 研究所 取得 进展 实践 意义 
21,创新集群 知识网络 环境系统 构成 实证分析 关键词 创新集群 知识网络 环境系统 运行 国内外 创新集群 知识网络 运行 环境系统 构成 环境要素 集群 知识创新 宝鸡 钛 谷 例 环境要素 相互影响 实证研究 期望 能为 创新集群 知识网络 环境系统 运行 提供 支撑 
22,对外贸易增长 隐含碳排放 脱钩 关键词 对外贸易增长 隐含碳排放 脱钩 借鉴 脱钩 对外贸易增长 隐含碳排放 脱钩 对外贸易 进出口 隐含碳排放 对外贸易增长 隐含碳排放 脱钩 实证 政策建议 
23,政治激励 资本监管 地方 银行 信贷投放 关键词 政治激励 金融监管 资本监管 信贷投放 金融监管 制度 执行 依赖于 监管者 激励 设计 地方官员 类似 监管 官员 职位 升迁 往往 上级 选拔 决定 政治激励 代表 中央 金融监管 省级 银监局 局长 代表 地方 银行 城商行 特征 匹配 监管 官员 政治激励 是否 监管 城商行 信贷投放 实证分析 资本 资产质量 流动性 监管 资本监管 绩效 银监局 局长 升迁 银监局 局长 政治激励 监管 促使 城商行 资本充足率 信贷投放 地方政府 信贷 干预 经济周期 货币政策 资本市场 融资 外部环境 银监局 局长 监管 差异化 效应 
24,地方 政府绩效考核 主体 群 界定 分工 探析 关键词 政府绩效考核 考核主体 分工 权重 地方 政府绩效考核 现状 此基础 地方 政府绩效考核 主体 划分 考核 组织 落实 群体 信息 来源 主体 主体 地方 政府绩效考核 改革 思路 详细 论述 地方 政府绩效考核 主体 考核 权力分配 分散 权力 大头 向下 注重 分工 强调 专业 设置 红线 触线 否决 地方 政府绩效考核 改革 建议 
25,自媒体 时代 公共管理 挑战 机遇 政府信任 关键词 自媒体 政府信任 公共管理 自媒体 传播 快速 发展 不断扩大 自媒体 发展 传统 政府信任 结构 冲击 公共管理 自媒体 改变 政府信任 建构 方式 宏观 冲击 公共管理 信任 具体 公共事务 管理 自媒体 扩大 民众 信息获取 传播 渠道 使 民众 政府 信任 可能性 加大 政府 微观 事务处理 难以 游刃 自如 应该 顺应 自媒体 发展 新 改变 政府信任 传统 建构 模式 公共 管理方法 注重 发掘 自媒体 积极意义 使 自媒体 政府信任 公共管理 有利 
26,京津冀 流动 人口调控联动 机制 关键词 京津冀 人口调控联动 疏解 容纳 预测 北京 疏解 人口数量 天津 河北 经济发展 额外 容纳 人口数量 对比 天津 经济发展 容纳 流动人口 潜力 巨大 河北 经济发展 预期 河北 人口 容纳 能力 强化 京津冀 人口 联动 天津 河北 经济发展 人力资本 需求 北京 常住人口 控制 万 以内 目标 
27,个人所得税 减免 劳动供给 来自 准 自然实验 证据 关键词 个人所得税 改革 劳动供给 双重差分法 固定效应模型 中华人民共和国国务院 令 第号 年月日 个人所得税 起征点 减少 税收 层级 重点 评估 法令 个体 劳动供给 决策 探讨 调减 收入分配 差距 家庭金融调查 双重差分法 固定效应模型 借鉴 断点回归 法 思路 此次 所得税改革 以下 简称 税改 个体 劳动参与率 劳动力 工作 长 没有 特别 地税 改对 中高 收入 阶层 劳动 激励 高于 低收入 群体 本次 所得税 减免 有助于 总体 劳动供给 不利于 居民收入差距 减小 
28,家庭金融 投资组合 风险 过于 保守 过于 冒进 关键词 家庭 金融资产配置 投资组合风险 家庭金融调查 重点 家庭金融 投资组合 风险 欧美国家 相比 家庭金融 投资组合 风险 分布 呈型 保守 家庭 冒进 家庭 都 股票投资 极端化 家庭 金融资产 投资组合风险 两极化 直接原因 家庭 总 资产规模 户主 年龄 教育水平 金融知识 风险态度 风险 承受能力 家庭 异质性 特征 尚 不能 解释 现象 金融市场 产品 供给结构 投资 门槛 限制 可能 原因 
29,坚持 新 发展 理念 现代化 经济 体系 建设 学习 习近平 新 时代 中国特色 社会主义思想 新 发展 理念 体会 关键词 新 发展 理念 现代化 经济 体系 产业 体系 经济体制 供给侧结构性 改革 习近平 新 时代 中国特色 社会主义思想 新 发展 理念 思想 方略 发展 认识 新 科学 高度 贯彻 新 发展 理念 在于 现代化 产业 体系 现代化 经济体制 两 中国特色 现代化 经济 体系 
30,企业家 宏观形势 企业经营状况 判断 建议 企业经营者 问卷 跟踪调查 报告 关键词 宏观形势 企业经营状况 成本上升 问卷调查 政策建议 位 企业家 参与 企业经营者 问卷 跟踪调查 报告 内容 调查 显示 多数 企业家 认为 宏观经济环境 处于 过去 常见 冷 热 状态 企业 景气 明显 回升 未来 市场需求 稳中有升 价格 保持 上涨 态势 用工 需求 温和 上升 投资 信心 有所 增强 企业 经营 前景 整体 较为 乐观 企业家 认为 企业 发展 挑战 行业 产能过剩 现象 依然 十分 严重 设备利用率 仍 处于 低位 企业 市场竞争 压力 仍然 较大 企业 成本 依然 十分 突出 长期以来 人工 成本上升 社保 税费 负担过重 压力 尚未 缓解 原材料 成本 环保 支出 中小企业融资 难 融资 贵 依然 突出 融资成本 居高不下 企业家 期待 政府 珍惜 宏观 微观经济 环境 改善 良好 局面 加大 供给侧结构性 改革 力度 坚决 防范 潜在 经济风险 更加 注重 简政放权 措施 成效 希望 减税 举措 实实在在 企业 成本 积极 稳妥 产业政策 更深 调整 经济结构 经济发展方式 根本 转变 
31,社会信任 是否 企业 并购绩效 关键词 并购绩效 社会信任 法律制度 信息不对称 企业并购 事件 研究对象 交易成本 检验 上市公司 所在 地区 非正式制度 社会信任 并购 交易 主体 价值创造 能力 实证研究 主并公司 所在 地区 社会信任 越高越 有助于 并购 交易 主体 信任 互惠 机会主义 免费搭车 督促 交易 双方 诚实 守信 合作行为 减少 不确定性 最终 并购 合作行为 并购 价值创造 能力 民营企业 地区 法律 地区 更为 并购绩效 法律制度 社会信任 替代关系 地区 社会信任 减少 主并 企业 选聘 市场 中介机构 交易成本 揭示 非正式制度 帮助 主并公司 地区 信任 信息不对称 交易成本 创造 并购 价值 可行性 重要性 结论 理解 转轨经济 阶段 资本市场 并购行为 提供 新 丰富 非正式制度 
32,政府 营销 地方 创业 活动 武汉市 政府创业营销 案例研究 关键词 政府创业营销 意义建构 意义赋予 创业意向 进入 新常态 创新创业 正在 经济发展 引擎 社会 大众 创业 积极性 各级 政府 工作 引发 政府创业营销 实践 武汉市 案例研究 对象 探索 政府创业营销 实践 深入研究 政府创业营销 实质 政府 创业 意义建构 关键在于 营销 主体 政府部门 目标群体 利益 主体 意义赋予 互动 彼此之间 双向 意义赋予 互动 主体 创业 统一 认知 理解 集体性 创业 出现 揭示 政府 营销 规律 未来 政府 营销 实践 提供 价值 指导 
33,信息经济学 乌家 培奖 简介 信息经济学 成立 月 国家 民政部 登记注册 国家 学术研究 团体 学会 致力 信息 经济 信息管理 搭建 跨学科 理论创新 桥梁 跨学科 发展 学会 创始人 乌家培 教授 著名 经济学家 数量 经济学 信息经济学 创始人 信息 经济 信息 符理 年青 学者 世界 未来 理论发展 创新 成果 信息经济学 会于 设立 信息经济学 乌家 培奖 表彰 信息 经济 信 
34,信息经济学 乌家 培奖 评选 公告 评奖 对象 获奖 年龄 不超 周岁 国籍 不限 时间 国内外 学术期刊 公开 发表 信息 经济 信息管理 论文 论文 成果 学术 创新性 影响力 奖励 金额 万元 人民币 获奖 证书 奖励 人数 名年 获奖者 博士生 团队 持续 资助 机制 获奖者 指导 博士生 团队 获奖 第二年 自然 获 信息经济学 乌家培 优秀 博士生 奖 奖励 金额 万元 人民币 获奖 证书 后续 资助 视 第一次 资助 学术 创新 成效 而定 
35,中国式 压力 财政激励 财源 增长效应 取消 农业税 改革 实证研究 关键词 财政压力 工业增长 环境污染 经济社会 转型期 地方政府 压力型体制 复杂 多样 压力 来源 积极 汲取 财政收入 地方政府 应对 压力 途经 典型 中国式 压力 财政激励 取消 农业税 改革 地方政府 财政压力 变化 准 自然实验 强度 双重差分法 实证检验 财政压力 变化 财源 增长效应 同一 地区 内 取消 农业税 改革 财政压力 更大 县 第二产业 尤其 工业产值 快 增长 并未 出现 同一 地区 农业税 占 大 县 说明 地方政府 财源 建设 来自 财政压力 激励 非 税收结构 变化 激励 财政压力 工业 增长效应 工业 基础薄弱 财政自给率 地区 放松 环境规制 地方政府 工业 增长效应 手段 
36,经济学研究 数学滥用 现象 反思 关键词 经济学数学 数学滥用 因果关系 美国 经济 评论 发表 罗默 一篇 批判性 经济增长理论 数学滥用 国际 掀起 经济学研究 数学滥用 现象 广泛 争议 回顾 这场 争议 经济学研究 引入 数学 历史 积极 数学滥用 数学滥用 负面影响 剖析 这一 现象 阐述 引发 经济学研究 教学 未来 发展 反思 数学滥用 经济学研究 值得反思 数学滥用 阻碍 经济学 思想 创新 学术期刊 同行评议 强化 数学滥用 数学滥用 还会 教学活动 代际影响 经济学界 曾 开展 三轮 广泛 讨论 主动 纠正 数学滥用 达到 中国经济 学科 双 一流 建设 目标 经济学研究 教学 注重 经济 直觉 培养 明确 创新 中国经济 坚持 因果关系 辨识 坚持 使用 数学 简单 适用 严谨 
37,可行能力 农民工福利 制度 改进 关键词 农民工福利 可行能力 多重共线性 马蒂亚 森 可行能力 判断 多重共线性 农民工 福利 筛选 调查问卷 统计资料 相结合 获得 结构方程模型 农民工 福利 实证分析 结果显示 保障 状况 农民工福利 尤为 医疗 教育 安全 项 保障 农民工福利 密切相关 政府 制定 政策制度 提供 参考 改善 农民工福利 缓解 社会 矛盾 
38,劳动力市场 所有制分割 根源 关键词 劳动力市场 所有制分割 所有权虚置 国有企业 特殊 经济 制度环境 实证 两个 廓清 劳动力市场 所有制分割 三大 特征 工资差异 流动 障碍 代际传承 揭示 根源 形成机制 认为 劳动力市场 所有制分割 根植 国有企业 所有权虚置 虚化 剩余索取权 使 国有企业 经理人 剩余控制权 不能 外部约束 迥异 私有企业 特殊 工资 方程 畸高 人力资本 回报 内 生于 国有企业 特殊 产权 属性 编制 制度阻碍 劳动力 优化 机制 优胜劣汰 这一 市场 根本 准则 执行 使 劳动力 资源 无法 自由 配置 职位 稀缺 人力资本 不可 测在 所有权虚置 激励 经理人 寻租 父辈 就业 性质 决定 子女 能否 获得 国有企业 进入 许可 关键 劳动力 市场分割 代际传承 
39,习近平 经济思想 中国特色 政治经济学 关键词 十九大报告 习近平 经济思想 政治经济学 党 十九大报告 全面 阐释 习近平 新 时代 中国特色 社会主义思想 基本 方略 集中体现 习近平 总书记 经济思想 习近平 经济思想 指导 中国特色 政治经济学 作者 习近平 坚持 中心 思想 为主 线以 五大 新 发展 理念 理论框架 作者 认为 习近平 处理 政府与市场 思想 中国特色 政治经济学 资源配置 提供 基本 范式 供给侧结构性 改革 思想 经济 持续 健康 发展 提供 中国方案 
40,农业机械化 空间溢出效应 分布 规律 农机 跨区 服务 关键词 空间溢出效应 农业机械 跨区 服务 谷物 产量 农业 分工 时空 范围 农机 跨区 服务 区域间 技术外溢 农业 内部 分工 省级 空间 农机化 谷物 产量 空间溢出效应 得出 结论 第一 农机 跨区 服务 农机化 谷物 产量 空间溢出效应 区域 农机化 对本 区域 谷物 产量 正向 第二 空间 范围 来看 农机化 空间溢出效应 辐射面 广 经济 距离 半天 之内 地区 空间溢出效应 占 一天 之内 地区 占 第三 空间 分布 来看 农机化 空间溢出效应 纬度 区域 纬度 相近 区域 契合 农机 跨 纬度 作业 第四 时间 范围 来看 农机化 空间溢出效应 呈现出 逐年 递增 趋势 空间溢出效应 倍 契合 农机 跨区 服务 规模 逐年 上升 发展趋势 
41,生产制造 资本投资 工业企业 国际 创业资本 流向 制度距离 解释 关键词 制度距离 国际创业 生产制造 资本投资 生产制造 资本投资 国民经济 两大 关键 近几年 国内 企业 资本 强烈 资本投资 偏好 国际 创业资本 流向 坚守 生产制造 本位 选择 资本投资 资本 流向 受制 没有 很 好 解决 很多 指出 生产型 企业 走出去 销售 国内 生产 货物 尝试 突破 销售 边界 探索 掩盖 隐藏 国际 创业资本 流向 偏好 沪 深 两市 股 工业企业 以下 结论 制度距离 顺差 工业企业 国际 创业资本 倾向 流入 资本投资 制度 逆差 国家 具备 良好 制度 保护 健全 资本市场 资本投资 动机 强烈 企业 所有制性质 调节 相比 国有企业 民营企业 制度 顺差 有着 更加 强烈 资本投资 倾向 冗余 资源 鼓励 相比 国有企业 制度 顺差 动力 促使 民营企业 资本投资 有着 更弱 偏好 
42,自利 德行 商业 组织 制度逻辑 变革 关键词 社会脱嵌 自利主义 组织德行 制度逻辑 制度变革 近年来 商业 组织 社会脱嵌 越来越 受到 学者 学者 多个 角度 造成 这一 原因 反思 反思 大多 只 触及 商业 组织 局部性 实际上 商业 组织 令人 失望 社会 根植 自利主义 制度逻辑 之中 非 局部性 认为 解决 商业 组织 社会脱嵌 德行 制度逻辑 替代 自利主义 制度逻辑 可行 道路 回顾 哲学 积极 组织 行为学 积极 组织 学术 德行 探索 讨论 德行 制度逻辑 相比 自利主义 社会责任 制度逻辑 商业 组织 场域 优势 指出 德行 制度逻辑 替代 自利主义 制度逻辑 合理性 可能性 现有 德行 替代 自利主义 制度逻辑 变革 鲜有 讨论 现状 多层次 进程 制度逻辑 变革 变革 变革 变革 探索 
43,视觉 隐喻 广告 消费者 注意 再认 效果 关键词 视觉 隐喻 广告 产品卷入度 眼动实验 消费者 类型 广告 直述 广告 视觉 隐喻 广告 注意 效果 再认 效果 都 受到 产品卷入度 调节 产品卷入度 消费者 隐喻 广告 注视 时间 注视 次数 首次 注视 长 再认 效果 都 优于 直述 广告 产品卷入度 广告 类型 广告 注意 效果 再认 效果 无 
44,分析师 荐 股 更新 管理层语调 业绩说明会 文本分析 关键词 管理层语调 分析师行为 业绩说明会 文本分析 乐观性偏差 上市公司 年度 业绩说明会 互动 平台 文本 信息 管理层 净 正面 语调 分析师 更新 其荐 股 报告 可能性 更新 人数 比例 并会 分析师 荐 股 评级 变动 分析师 乐观性偏差 管理层 正面 语调 分析师 荐 股 评级 变动 负面 语调 没有 业绩说明会 年报 披露 间隔时间 语调 可靠性 分析师 管理层语调 更新 其荐 股 经验丰富 分析师 非 明星分析师 来自 小 券商 工作 更为 繁忙 分析师 相对 充分 可能 业绩说明会 语调 更新 其荐 股 业绩说明会 管理层语调 信息含量 分析师 对此 
45,本土管理研究 路径 探索 实践 关键词 本土管理研究 中国管理实践 实践 实践 研究路径 经历 多年 发展 西方 引入 大量 管理 之后 本土管理研究 应该 发展 学界 探讨 争论 热点 回应 学界 最近 讨论 认为 本土 管理 实践 重心 管理 能够 取得 突破性 进展 关键 学界 实现路径 疑惑 本土 管理 实践 深入研究 介绍 实践 本土管理研究 启示 透过 这一 中国管理实践 实现路径 探讨 中国管理实践 特殊性 亟须 中国管理实践 理论贡献 现实 指导 价值 展望 探讨 
46,交叉 效率 钢铁行业 能源效率 关键词 能源效率 交叉 效率 钢铁企业 投入产出法 钢铁企业 能源效率 排放 效率 结合 国内 钢铁企业 生产工艺 特点 交叉 效率 模型分析 呈现 企业 能源效率 评价 排序 充分 挖掘 揭示 钢铁企业 能源效率 钢铁企业 能源效率 改善 途径 政府部门 制定 钢铁行业 整体 宏观 节能减排 政策 提供 科学依据 
47,居民 阶梯 电价 政策 技术创新 诱导 效应 关键词 技术创新 居民 阶梯 电价 政策 能源价格 居民 阶梯 电价 政策 切入点 虚拟 双重差分 策略 反 事实 专利 数量 技术 重心 两个 层面 政策 技术创新 诱导 效应 电价 加价 技术 诱导 效应 关键 阶梯 电价 政策 专利 数量 技术 重心 政策 创新 程度较 实用新型 专利 诱导 效应 更加 明显 为此 能源价格 改革 有助于 技术创新 
48,规范 表达 公共服务需求 分析框架 政策意涵 关键词 公共服务需求 基本内涵 分析框架 布莱特 肖 需求 四分法 需求 矩阵 认为 规范 感知 政策性 需求 充分条件 需求 规范性 感知 才能 政策性 需求 获得 政府 回应 除此以外 所有 情形 都 不应 视为 政策性 需求 当然 表达 公共服务 仍然 意义 了解 感知 方式 修正 规范性 需求 重要依据 
49,大学 本质 合约安排 现代 企业理论 范式 关键词 大学本质 交易成本 中心签约人 合约安排 企业理论 市场 人类 接受 高等教育 方式 归纳 自给自足 师生 直接 交易 大学 教育 种 追问 师生 直接 交易 能够 解决 高等教育 还 大学 现代 企业理论 引入 大学 本质 大学 学生 教师 校长 行政 人员 合约安排 非营利 体制 变化 获得 如下 认识 一是 中心签约人 纯粹 市场 大学本质 能够 节约 交易成本 契约 组织 二是 大学 学生 签订 知识交易 不完全市场 合约 合约 履行 要求 大学 学生 拥有 剩余控制权 三是 大学 教师 人力资本 所有者 签订 要素市场 合约 终身教职制度 教师 间接 分享 大学 剩余收益 制度安排 终身教职 评审 制度 大学 教师 新形势下 合约 条款 动态调整 四是 大学 要素市场 合约 校长 行政 人员 内部化 目的 内部 管理成本 人力资本 工作 性质 教师 机会主义 克服 非营利 非 剩余 激励 制度 组合 五是 大学 节约 交易成本 内部 管理成本 随之 上升 二者 边际 相等 学校 规模 既定 大学 师生 直接 交易 替代 不是 无限 受 知识 特性 交易成本 规模 约束 综合 多种 组织化 教育 形式 大学 并存 突破 公共 教育体制 先验 视 大学 既定 天然 非营利性 组织 大学 外部 大学 特别 注重 大学 功能 理念 传统 深入 大学 内部 主体 互动 去 大学 经济 缘由 内部 多种 合约安排 证明 市场 大学 本质 理解 体制 大学 制度安排 逻辑 起点 获得 认识 澄清 高等教育 一些 模糊认识 寻找 大学 体制改革 应当 尊重 逻辑设计 大学 内部 具体 合约安排 都 启示 意义 营利性 组织 非营利性 组织 跨 组织 提供 新 
50,岭南 宏观经济学 研讨会 正为 宏观经济学 发展 宏观 经济学界 学术交流 岭南 宏观经济学 研讨会 中山大学 岭南大学 学院 中山大学 转型 开放经济 研究所 主办 管理 世界 杂志 协办 年月日 中山大学 举行 会议主题 货币政策 财政政策 宏观经济 效应 本届 研讨会 现 面向 国内外 宏观经济学 学者 征稿 中英文 限 欢迎 广大 学者 积极 投稿 报告 最新 
51,制度逃离 创新驱动 制度约束 民营企业 对外直接投资 关键词 制度逃离 创新驱动 对外直接投资 政治关联 民营企业 近年来 新兴经济体 企业 越来越 多地 进入 发达经济体 逆向 投资 这一 现象 主流 国际 商务 挑战 借助 制度逃离 现象 探究 制度因素 新兴经济体 企业 对外直接投资 转型时期 制度背景 正式制度 企业 文化 这一 非正式制度 企业 动因 制度 动因 企业 创新能力 动力 纳入 创业板 民营企业 验证 正式制度 非正式制度 约束 驱动 新兴经济体 企业 企业 政治关联 削弱 企业 制度约束 动力 企业 创新能力 制度约束 成功 开发 国际创业 机会 驱动力 拓展 深化 新兴经济体 企业 制度逃离 分析框架 民营企业 国际化 成长 战略 实践 意义 
52,第十三届 创业 家族企业 成长 国际 研讨会 创业 家族企业 成长 国际 研讨会 创办 已 成功 召开 次 大会 第十三届 创业 家族企业 成长 国际 研讨会 年月日 日于 广州 召开 本次 会议 中山大学 管理 学院 主办 浙江大学 管理 学院 管理 学会 创业 中小企业 专业 委员会 家族企业研究 中心 管理 世界 管理学 季刊 杂志 协办 会议 议题 会议 议题 限于 以下 创业 研究方法 创业 创新 家族企业 转型 传承 代际 
53,企业避税 债务融资 债务融资 来源 所得税 征管 体制改革 断点回归 关键词 企业避税 债务融资 正规金融 商业信用 断点回归 所得税 征管 体制改革 这一 自然实验 断点回归 分析方法 企业避税 变化 债务融资 企业避税 难度 企业 总体 负债率 上升 区分 债务融资 来源 企业避税 难度 并未 利息税 盾 效应 正规金融 融资 这一 支持 企业避税 非 债务税盾 效应 假说 开创性 不符 分析表明 企业避税 难度 利息税 盾 效应 商业信用 负债 这一 效应 融资约束 严重 企业 获取 正规金融 难度 较大 企业 民营企业 更为 明显 这一 支持 企业避税 现金流 效应 假说 企业避税 活动 债务融资 负相关 提供 更加 契合 制度背景 理论解释 通过考察 企业避税 财务 杠杆 供给侧结构性 改革 提供 决策 参考 
54,海外 子公司 角色 分类 管控方式 匹配 效应 一项 双层 案例 定性 比较分析 关键词 海外 子公司 角色 管控方式 差异化匹配 主导性 合作性 复杂 组织管控 难以 适用 某种 划一 理想 模式 已 共识 仍停留 权变 原理 层面 定性 比较分析 用于 跨 案例 比较分析 跨国企业 海外 子公司 角色 管控方式 匹配 构型 借鉴 动机 能力 机会 框架 海外 子公司 设立 动机 学习 能力 当地 环境 机会 三 维度 结合 角度 用以 系统分析 子公司 角色 整合性 框架 区分 执行者 当地 调适 重组 能力 重构 停滞 观察者 引领者 创新 平台 种 角色 类型 海外 子公司 角色 普遍性 分类 上以 主导性 合作性 两种 解释 企业 内部 跨 企业 两层 子公司 案例 比较 构型 具体 解释 类型 角色 管控方式 适配 效应 子公司 角色 分权 管控方式 差异化匹配 管控 模式 界定 细致 利于 子公司 稳定 丰富 拓展 海外 子公司 管理 复杂 组织 构型 发展 跨国企业 角色 分类 差异化 处理 母子公司 提供 实践 指导 
55,控股股东 股权质押 审计师 风险 应对 关键词 股权质押 控股股东 审计投入 审计收费 审计意见 以年 股 上市公司 控股股东 股权质押 审计师 风险 应对 控股股东 股权质押 公司 审计师 审计投入 收取 审计 费用 出具 非标准 无保留 审计意见 机制 检验 控制 股东 股权质押 增大 审计师 风险 审计 风险 审计师 上述 风险 应对 还 相对 非国有企业 审计师 控股股东 股权质押 风险 应对 国有企业 里 弱化 相对 非 国际 四大 会计师事务所 国际 四大 会计师事务所 控股股东 股权质押 风险 应对 更加 明显 体现 审计投入 收取 审计 费用 两个 丰富 控股股东 股权质押 经济后果 审计师 风险 应对 研究成果 结论 上市公司 监管部门 参考价值 
56,新三板 发展瓶颈 对策研究 关键词 新三板 发展瓶颈 政策供给 对策 新三板市场 大 扩容 发展瓶颈 优质 企业 不断 流失 融资 日益 困难 金融 诈骗 犯罪 与日俱增 定价功能 受限 制度设计 新三板 股 市场 估值 巨大 局面 基础性 原因 信息披露 真实性 难以 保证 打击 投资者信心 政府监管 制度建设 跟不上 新三板 新 形势 制约 市场发展 过高 投资者 门槛 直接 资金 供需平衡 建议 新三板 现有 分层 划分 精选 层 适当 投资者 门槛 改善 交易方式 建设 对接 股 转板 通道 举措 适当 估值 政府监管 尽快 出台 挂牌 企业 中介机构 各项 约束 惩罚 机制 信息披露质量 交易方式 针对性 改革 满足 市场发展 急切需要 
57,企业 管理 案例 质性 论坛 企业 管理 案例 质性 论坛 以下 简称 论坛 探索 提炼 中国特色 管理 推广 案例 质性 研究方法 最 学术 平台 中国人民大学 商学院 管理 世界 期刊 长期 合作 主办 双方 第十一次 携手 合作 月 第二个 周末 日 武汉 举办 论坛 本届 论坛 主题 双创 时代 管理 最佳 实践 论坛 面向 海内外 学者 征集 高质量 研究型 案例 质性 论文 要求 第一手 资料 为主 撰写 征文 范围 覆盖 工商管理 各学科 特别 欢迎 特色 本土企业 管理 实践 理 
58,海上运输通道 公共安全 保障 能力 结构 优化 关键词 海上运输通道 公共安全 保障 能力 结构要素 优化路径 海上运输通道 风险 威胁 日益 增多 决定 海上运输通道 公共安全 保障 迫切性 必要性 海上运输通道 风险 复杂 多样 使 很 难 从中 准确 识别 关键因素 海上运输通道 公共安全 保障 能力 优化 受阻 目前 海上运输通道 公共安全 保障 困难 挑战 系统性 系统安全 海上运输通道 公共安全 保障 能力 视为 系统对 海上运输通道 公共安全 保障 能力 结构 优化 公共安全 保障 顶层设计 搭建 海上运输通道 公共安全 保障 网络信息 平台 强化 公共资源 投入 加快 海洋 法规 制度建设 安全 保障 主体 多元 协同 机制 海洋 外交 力等个 优化 海上运输通道 公共安全 保障 能力 有效途径 
59,大数据 城市 应急管理 态势 挑战 展望 关键词 大数据 城市 应急管理 突发安全事件 大数据 技术 已经 进入 国内外 城市 应急管理 实践 之中 依然 视野 管理机制 平台 诸多方面 亟待 强化 大数据 进入 城市 应急管理 能力 效果 展望 大数据 城市 应急管理 未来 应当 从个 发展 城市 应急管理 大数据 深化 城市 应急管理 大数据 层次 城市 应急 管理机制 大数据 适应性 城市 应急管理 大数据 综合 平台 
60,婚姻匹配 代际流动 家庭模式 个税改革 关键词 婚姻匹配 代际流动 个税改革 家庭模式 微观 机理 婚姻匹配 代际流动性 个人所得税 改革 提供 理论依据 婚姻匹配 婚姻匹配 代际流动性 代际收入弹性 约 儿子 女儿 代际收入弹性 分别 约 代际流动性 偏低 父代 收入 子女 配偶 收入 十分 父媳 父婿 收入 弹性 分别 约 后者 高于 婚姻匹配 尤其 女性 代际 传递 机制 还 父代 收入 子代 配偶 受 教育 正向 说明 婚姻市场 教育 匹配 机制 代际 传递 渠道 政策 含义 婚姻匹配 家庭收入 分配 不平等 个税改革 家庭 收入差异 家庭 单位 税 征收 模式 缩小 家庭 收入差距 社会 收入不平等 居住地 税收 分享 原则 匹配 居民 纳税 义务 公共服务 供给 公共 教育支出 低收入 家庭 受 教育机会 缩小 家庭收入 能力 差距 
61,季度数据 比较 混合 动力 测试 关键词 季度 数据模型 平衡增长路径 论文 比较 使用 传统 季度数据 季度数据 如下 现有 低估 总体 物价水平 居民消费 周期性 较弱 投资 负相关 适合 论文 基准 混合 动力 虽能 拟合 二阶 距 特征 观测 误差 方差分解 显示 解释 大部分 产出波动 解释 力 较差 备选 不能 改善 分析表明 基准 没有 明显 误设 外 预测 显示 混合 动力 产出 预测 效果 比好 观测 预测 效果 欠佳 论文 认为 不佳 源于 两 粘性价格 机制 消费 投资 负相关 矛盾 平衡增长路径 假设 稳态 不定 矛盾 
62,发挥 区域 产业集群 专业市场 义乌 产业集群 专业市场 联动 升级 关键词 产业集群 专业市场 联动 升级 义乌 义乌 案例 创新性 产业集群 专业市场 联动 升级 指出 产业集群 升级 专业市场 升级 集群 网络 创新 营销 网络 创新 政府 扶持 共同 能够 区域经济 发展 上述 区域经济发展 提供 新 思路 
63,企业 内部控制质量 上市 公司经营绩效 制造业 上市公司 实证研究 关键词 内部控制质量 经营绩效 上市公司 实证研究 企业 内部控制质量 上市 公司经营绩效 机理 制度安排 角度 寻找 上市 公司经营绩效 企业 内部控制 机制 企业 内部控制质量 提供 理论指导 发展 方向 实证 提供 产权制度 企业 内部控制质量 上市 公司经营绩效 深入 证据 企业 内部控制 制度建设 提供 施政 依据 
64,中小 股东投票权 公司 决策 公司治理 来自 一项 自然试验 证据 关键词 中小股东 网络投票 自然试验 公司治理 盈余管理 深交所 自然试验 中小股东 参与 公司治理 是否 公司 盈余 尝试 回答 以下 中小股东 参与 公司治理 扮演 何种 角色 公司 中小股东 参与 扮演 外部监督 角色 管理层 带来 压力 扭曲 公司 中小股东 参与度 公司 倾向 操纵 盈余 滞后 回归 回归 控制 内生性 结论 不变 企业 融资 内部 交易 需求 信息不对称 程度较高 投资者 整体 教育水平 低时 公司 可能 操纵 盈余 迎合 中小股东 结论 明晰 政策 含义 赋予 中小投资者 参与 公司治理 权利 必须 投资者保护 可能 引致 适得其反 效果 
65,家族 成员 董事会 角色 家族 非执行董事 关键词 家族企业 非执行董事 治理 家族企业 家族 成员 担任 非执行董事 治理 效果 家族 非执行董事 能够 监督 高管 投资效率 更好 会计业绩 家族 执行 董事 具备 上述 治理 家族 持股比例 非 家族 成员 担任 家族 非执行董事 治理 效果 更能 突显 机构 持股比例 低时 家族 非执行董事 治理 更强 合理安排 非执行董事 比例 有利于 董事会 效率 尤其 家族企业 家族 成员 担任 非执行董事 有利于 家族企业 长期 稳定 发展 
66,企业社会责任 多元 属性 机制 关键词 企业社会责任 规则体系 激励机制 程序保障 企业社会责任 当今 人类 社会 思潮 正在 全球 范围 内 客观 实践 企业社会责任 道德 义务 法律责任 多元 属性 自我 承诺 行业 准则 强制 规范 多种形式 应当 企业社会责任 多元 治理机制 公司法 为主 干 企业社会责任 规制 体系 政府 主导 激励约束机制 司法 救济 中心 程序 保障机制 协同 企业社会责任 
67,价格 刚性 异质性预期 通货膨胀动态 关键词 粘性信息 粘性价格 双粘性 混合新凯恩斯 异质性预期 处理 宏观 沿用 一文 使用 两步 法 市场环境 企业 粘性 特征 粘性信息 粘性价格 都 充分体现 参数估计 脉冲响应 双粘性 有别于 混合新凯恩斯 双粘性 企业 调价 频率 平均 为个 季度 最新 信息 定价 频率 平均 季度 混合新凯恩斯 企业 前瞻 理性预期 比重 顾 适应性预期 占 双粘性 混合新凯恩斯 拟合 优度 难分伯仲 倾向 匹配 后者 意味着 诸如 最优货币政策 仍 选择 混合新凯恩斯 
68,高管 人 先天 特征 市场 中起 关键词 长相 语音 市场 路演 目前 高管 特征 仅 个人 生活 经历 工作 经历 后天 缺乏 高管 先天 特征 创业板 公司 网上 路演 推介 高管 研究对象 检验 高管 长相 语音 市场 投资者 偏好 高管 长相 好 公司 公司 高管 长相 好 申购 中签率 首日 换手率 低高管 长相 市场 美貌 溢价 高管 长相 好 公司 折价率 高管 长相 较差 公司 无 结论 市场 高管 低音 偏好 具体表现 高管 语音 音量 越低 热度 越高 折价率 声音 低沉 高管 管理 公司价值 对比 语音 特征 长相 特征 稳定 机器学习 获取 客观 高管 特征 后天 塑造 角度 拓展 先天 遗传 先天 特征 公司财务 提供 直接 证据 
69,能源安全 页岩气 产业 绿色 发展路径 保障 政策 关键词 能源安全 页岩气 绿色发展 水力 压裂 增产 水平井 技术 帮助 美国 能源 独立 战略 保障 能源安全 伴随 资源 消耗 温室气体排放 地下水 污染 一系列 环境 风险 国家 大力 生态文明建设 背景 页岩气 开发 不能 再 走 先 污染 治理 老路子 想要 金山 银山 青山绿水 必须 生产 污染 找到 平衡点 页岩气 开发 必须 走 绿色发展 道路 页岩气 资源 国家 能源安全 控制 页岩气 资源开发 环境 风险 页岩气 产业 绿色 发展路径 
70,进口 农产品贸易 耕地规模 传导效应 实证研究 关键词 农产品 进口贸易 耕地规模 传导效应 合成 模型分析 进口 农产品贸易 耕地规模 价格 间接 传导效应 多元 长期 短期 国内 农产品 期货价格 进口 农产品 量 人口增长 耕地规模 长期 多元 波动 相互作用 呈现 传导效应 以期 市场 定价 价补 分离 改革 深入 进口 农产品贸易 耕地规模 趋势 探讨 
71,政府支持 自组织 深圳 食品安全 社会共治 案例研究 关键词 自组织 政府支持 食品安全 社会共治 案例研究 现有 自组织 强调 外 权威 介入 尽量避免 介入 食品安全 治理 复杂性 政府 介入 自组织 不可避免 既有 政府 介入 自组织 缺乏 深入探讨 深圳 食品安全 监管部门 行业协会 会员 企业 单一 监管体制 社会共治 模式 转型 案例研究 外 权威 介入 成功 自组织 获取 社会资本 组织学习 规则 谈判 干中学 关键环节 政府 介入 直接 支持 间接 支持 获取 社会资本 干中学 两个 关键环节 政府 有所为 直接 支持 组织学习 规则 谈判 两个 关键环节 政府 有所不为 间接 支持 治理 意识 策略 转型 构成 政府支持 自组织 前提 政府 自组织 相互作用 构成 政府支持 自组织 逻辑 政府 介入 尽量避免 介入 自组织 机制 相比 政府支持 自组织 组织 创新 风险管理 平衡 机制 介于 类型 自组织 组织 新型 自组织 理论框架 权威 是否 介入 自组织 可能 取得成功 结论 社会性 规制 自组织 实践 启示 指导 价值 
72,美国 医疗保障制度 公平性 效率性 演变 关键词 美国 医疗保障制度 公平性 效率性 公平性 效率性 演变 来看 美国 医疗保障制度 历经 各届 政府 改革 政策 导向 大致 分为 强调 公平性 重视 效率性 兼顾 公平性 效率性 阶段 公平性 效率性 变化 每个 阶段 侧重点 美国 医疗保障制度 政策 导向 历史 轨迹 有助于 全面 认识 理解 新一届 美国政府 执政 理念 
73,城市规模 技能差异 劳动者 工资收入 关键词 城市规模 劳动收入 技能差异 人力资本 技能差异 角度 较为 全面 城市规模 劳动者 工资收入 城市 总体 工资溢价 回归 结果显示 大城市 劳动力 正向 技能 选择性 仍 很大 不能 解释 大城市 工资溢价 控制 城市 个体 质量 行业 地区 特征 名义 收入 调整法 技能 劳动力 享受 大城市 工资溢价 结论 改变 度量 内生性 情形 仍然 稳健 技能 劳动力 获取 大城市 工资溢价 途径 仅 中等 技能 劳动力 工资溢价 来源于 大城市 物价 高低 技能 劳动力 工资溢价 来自 劳动力质量 大城市 集聚经济 效应 具体表现 大城市 两条 途径 高技能劳动力 正规教育 再 投资 工作 经验 回报率 流动 投资 技能 劳动力 工作 经验 回报率 流动 投资 加快 城镇化 进程 缩小 城市 技能工资差距 大力 投资 人力资本 提供 支持 
74,物流 产业 区域经济 长期关系 关键词 物流业产值 货运周转量 选取 国内生产总值 经济指标 物流业产值 货运周转量 物流 模型分析 东部地区 中西部地区 物流业 区域经济发展 长期关系 东部 中西部地区 国内生产总值 物流业产值 货运周转量 是非 平稳 一阶 单整 序列 相互间 协整关系 长期关系 物流业 发展 经济增长 二者 同方向 变化 东部地区 货运周转量 物流业产值 相比 国内生产总值 较大 中西部地区 货运周转量 物流业产值 国内生产总值 差别 不大 
75,第二个 一百年 目标 多高 增速 关键词 两个 一百年 现代化 人均 赶超 两个 一百年 奋斗目标 中华民族 伟大 复兴 梦 核心 第一个 百年 目标 第二个 百年 目标 正在 途中 做好 中长期 发展 规划 迫切需要 第二个 百年 目标 量化 国际比较 测算 人均 有望 达到 美国 以上 国际 位次 超过 西班牙 韩国 以色列 意大利 欧盟 平均水平 相当 有望 达到 中等 发达国家 为此 年均 增速 需 保持 以上 
76,国有企业 混合所有制 改革 动力 阻力 实现路径 关键词 国有企业 混合所有制 改革 动力 阻力 实现路径 发展 混合所有制 现阶段 国有企业改革 内容 关键 突破口 改革 动力 阻力 明晰 实现路径 有助于 改革 顺利 认为 国有企业 混合所有制 改革 动力 在于 经济绩效 改善 企业治理 社会稳定 发展 改革 阻力 来自 既得利益者 阻碍 落后 激励机制 制约 意识形态 固化 公众 变革 担忧 应多 方式 混合所有制 改革 加大 国有资产 经营机制 改革 力度 切实加强 各类 产权 法律保护 维护 公众 利益 
77,政府质量 公司治理结构 投资决策 世界银行 企业调查数据 经验研究 关键词 政府质量 公司治理结构 投资决策 动态能力 异质性 投资 有利于 国家 地区 经济 高速 增长 有助于 企业 竞争优势 获取 机制 动态能力 适应 复杂多变 环境 使用 世界银行 分层抽样 企业调查数据 探讨 政府质量 公司治理结构 企业 投资决策 第一 政府质量 企业 投资 正向 企业 所在地 政府质量 越高 企业 净利润 用于 投资 活动 比例 越高 第二 企业 投资决策 不仅仅 依赖于 政府质量 公司治理结构 单独 依赖于 政府质量 公司治理结构 企业 投资决策 互动 既定 政府质量 企业 倾向 两权分离 公司治理结构 发展 时越 能够 激发 企业 投资 能力 投资意愿 结论 拓展 政府质量 公司治理结构 企业投资 认识 企业 投资 之帆 政府质量 之风 更加 强健 有力 才能 顺利 乘风破浪 公司治理结构 帆船 前进 调节 工具 这为 经济新常态 企业投资 保持 经济 长期 稳定增长 提供 政策启示 
78,创业企业 联结组合 绩效 结构 资源 互动 案例研究 关键词 创业企业 联结组合 联合依赖 非对称依赖 资源组合 资源 约束条件 适宜 联结组合 使 创业者 组合 带来 资源 组合效应 获益 收获 成长 已有 大多 拘泥于 探讨 联结组合 结构特征 绩效 直接 未能 资源组合 角度 挖掘 联结组合 结构 绩效 内在 机理 资源 依赖 联合依赖 非对称依赖 双重 建构 联结组合 结构 资源 绩效 机制 嵌入式 单 案例研究 克服 初创期 较弱 联合依赖 非对称依赖 青春期 创业企业 追加 式 资源组合 增强 联合依赖 创业 企业绩效 青春期 成长期 创业企业 互补式 追加 式 并举 资源组合 非对称依赖 创业 企业绩效 成长期 发展期 创业企业 大 范围 互补式 资源组合 替代 追加 式 资源组合 两种 依赖 创业 企业绩效 最高 
79,发挥 好 财务信息 破解 僵尸企业 难题 关键词 僵尸企业 财务信息 会计准则 银行 政府 监管部门 缺乏 充分 准确 财务信息 决策依据 僵尸企业 原因 财务信息 应当 识别 处置 僵尸企业 发挥作用 尤其 僵尸企业 处于 持续 经营 濒临破产 过渡 性质 偿债能力 评估 破产 之后 出现 职工 补偿金 新增 负债 长期 来看 僵尸企业 防范 机制 充分 财务信息 多方 主体 提供 决策依据 必要 现有 会计准则 核算 披露 规则 加以 优化 破解 僵尸企业 提供 支撑 
80,宏观审慎政策 规则 确立 传导 路径 内生 银行破产 机制 关键词 宏观审慎政策 系统性风险 金融稳定 金融危机 爆发 以来 传统 金融监管 方式 难以为继 世界 各国 纷纷 监管 改革 背景 宏观审慎政策 政策 制定者 学者 焦点 内生 银行破产 机制 银行业 系统性风险 刻画 而后 经典 福利损失 函数 引入 系统性风险 确立 宏观审慎政策 规则 脉冲响应函数 模拟 演绎 传导 路径 政策 搭配 如下 结论 第一 动态 资本充足率 贷款价值比 核心 宏观审慎监管 体系 产出缺口 信贷 量 信号源 宏观审慎 货币政策规则 中应 盯住 信贷 量 资本 资产价格 适合 参考 第二 宏观审慎 货币政策 宏观审慎监管 都 维护 金融稳定 常备 政策 宏观审慎监管 优于 宏观审慎 货币政策 第三 识别 经济 周期波动 驱动因素 确立 宏观审慎政策 规则 使 政策 传导 实体经济 发挥 风险防控 根本 第四 联合 使用 两类 宏观审慎政策 合理 确立 政策规则 系数 增强 政策 正向 外溢 效果 政策 搭配 强度 却 不易 控为 防止 政策 错 搭 引起 效果 干扰 常规 时段 仅 宏观审慎监管 风险 高时 再 联合 使用 两类 政策 金融稳定 
81,第七届 蒋一苇 企业 改革与发展 学术 基金 奖 评奖 公告 蒋一苇 企业 改革与发展 学术 基金 奖由 中国社会科学院 工业经济 研究所 发起 设立 秉承 科学 公正 原则 倡导 独立 开创 旨在 繁荣 管理学 学术研究 企业改革 管理 实践 发展 第七届 蒋一苇 企业 改革与发展 学术 基金 奖由 中国社会科学院 工业经济 研究所 企业 管理 研究会 工业经济 杂志社 
82,第届 世界 管理 论坛 暨 东方 管理 论坛 第届 世界 管理 论坛 暨 东方 管理 论坛 年月日 日 上海交通大学 召开 本次 论坛 世界 管理 学者 联盟 委员会 上海 管理 教育 学会 主办 管理 世界 杂志 协办 上海交通大学 东方 管理 中心 上海 慧圣 咨询 公司 承办 论坛 主题 多元 包容 东方 管理学 新 发展 大会 议题 论文 征集 范围 管理 思想 东方 管理 流派 东西方 管理 教育 管理 实践 
83,医院 综合绩效评价 关键词 绩效评价 修正 优化 对以 资源 相对 价值 系数 法 理顺 操作 流程 体系 优势 不足 探讨 此基础 修订 绩效管理 适用性 强能 兼顾 工作量 质量 收益 符合 医院 管理 目标 综合绩效评价 体系 
84,劳动力流动 农村 社会治安 模型与实证 关键词 农村 劳动力流动 民事纠纷 治安条例 刑事犯罪 中国农村 固定 跟踪 观察点 村级 劳动力流动 农村 社会治安 劳动力流动 特别 劳动力 流入 农村 民事纠纷 违反 治安条例 刑事案件 有着 正向 显著性 相对 内陆地区 劳动力流动 沿海地区 更为 明显 贫困 发生率 劳动力 受 教育 劳动力 闲置 基层 村干部 数量 农村 社会治安 不容忽视 流入 劳动力 监管 农村基层 组织 建设 减少 农村贫困 群体 维持 农村 秩序 至关重要 
85,随机森林 企业 监管 关键词 市场监管 风险识别 机器学习 随机森林 市场 监管部门 监管 效果 执法 效率 大数据 技术 机器学习 工具 各类 市场主体 违规 违法 风险 识别 监管 路径 探索 大数据 手段 辅助 市场监管 维护 市场竞争 秩序 北京市 万家 企业 随机森林 优化 市场监管 工作 相结合 极大 市场 监管效率 
86,凝结 中国智慧 马克思主义 政治经济学 党 十八 大 以来 经济 理论创新 关键词 马克思主义 政治经济学 理论创新 党 十八 大 以来 习近平 核心 党中央 经济社会 发展 理念 政策 路线 实践 全方位 探索 经济 学者 与时俱进 深入 共同 凝聚 中国特色 经济理论 创新 发展 理论创新 简单 概括 为个 经济新常态 初级阶段 新 五大发展理念 发展经济学 新进展 国家治理 体系 治理能力 现代化 体现 国家治理 新 突破 十八 大 以来 经济 理论创新 创造 马克思主义 政治经济学 新 范式 谱写 现代 经济 理论发展 新篇章 凝结 中国智慧 马克思主义 政治经济学 经济学界 理论创新 注意 一是 扎实 正面 回应 外部 关切 学术 批评 二是 中国模式 不宜 操之过急 三是 更加 重视 基础理论 四是 支持 健康 学术争论 学术 批评 
87,补贴 减少 粮食 生产效率损失 动态资产贫困 关键词 农业补贴 粮食安全 效率损失 动态资产贫困 动态资产贫困 使用 全国 农村 固定 观察点 微观数据 最新 技术 模型分析 河南省 小麦 生产效率损失 使用 选择 农业补贴 小麦 生产效率损失 工具变量 多种 估计方法 稳健性检验 得出 河南省 小麦 生产效率 逐年 损失 仍然 严重 农业补贴 促使 受限于 资产 贫困 农户 选择 生产效率 生产方式 减少 粮食 生产效率损失 农业补贴 小麦 生产 至关重要 粮食 直补 政策 小麦 生产效率损失 起到 积极 良种 补贴 有利于 减少 播种面积 为亩 农户 小麦 生产效率损失 农资 补贴 播种面积 大于 亩 农户 来说 更为 对此 对策建议 
88,如虎添翼 燕巢危幕 承销商 大客户 公司债 发行定价 关键词 大客户 公司债 发行定价 承销商 探讨 大客户 公司债 发行定价 承销商 调节效应 第一 大客户 销售 占 公司债 发行 价差 这一 结论 控制 内生性 依然 成立 说明 大客户 公司债 发行定价 风险 效应 效应 体现 承销商 市场 排名 承销 费率 高非 承销团 承销 承销商 分类 评级 承销商 承销 组 说明 承销商 声誉 大客户 公司债 发行定价 风险 效应 分析表明 第一 大客户 非政府 背景 企业 同一 省份 稳定 债券 无担保 信用评级 筹资 用于 偿还债务 货币政策 紧缩 经济增长 较慢 大客户 公司债 发行定价 风险 效应 强本 有助于 丰富 客户 债券定价 
89,环境因素 过度自信 投资绩效 关键词 投资绩效 过度自信 信息 强度 技术 波动 竞争 强度 很 早就 出现 绩效 先前 没有 回答 环境 投资绩效 更为 有利 全部 上市公司 阶梯 队 整合 解释 过度自信 投资 公司绩效 过度自信 投资 公司绩效 调节效应 受 环境因素 实证研究 过度自信 投资 公司绩效 正向 调节效应 特别是在 信息 强度 高技术 波动 竞争 强度 环境 过度自信 投资 公司绩效 调节效应 更为 积极 过度自信 投资 公司绩效 有利 同样 边界 信息 强度 环境 技术 波动 环境 有利 变得 消极 拓展 绩效 过度自信 
90,新经济 时代 家族企业 转型 发展 第十二届 创业 家族企业 国际 研讨会 侧记 关键词 家族企业 经济转型 基业 长青 制度环境 代际 创业 家族企业 共同体 扩展 家族企业研究 前提 一致 化 独特 化 情境 化 多样化 国际化 特点 第十二届 创业 家族企业 国际 研讨会 交流 研究成果 综述 展现 家族企业研究 以下 议题 取得 新进展 家族企业 基业 长青 关键因素 家族 企业异质性 战略 背后 家族 动因 引发 家族企业 制度 要素 家族企业 传承 代际 创业 路径 研讨会 打造 家族企业 持续 健康成长 智慧 百花园 做出 积极 贡献 
91,创业生态系统 知识 前沿 重点 关键词 创业生态系统 企业家精神 区域创新系统 文献计量分析 创业生态系统 已 创业 新 范式 日益 强调 创业 中多 要素 主体 相互依存 只 个人 创业 由此 弥补 区域创新系统 解决 市场失灵 政府干预 双重 局限 企业家精神 处于 创业生态系统 核心 地位 政府 传统 主导者 转换 守门员 区域 创业 政策 应对 创业 厚此薄彼 致力于 生态系统 框架 创建 优化 激发 企业家精神 创业 经济 蓬勃发展 
92,面子文化 消费者 生态产品 偏好 眼动 关键词 面子 面子文化 道德营销 生态产品 眼动追踪技术 面子文化 传统文化 组成部分 包含 道德 要求 人们 道德行为 促使 人们 道德 眼动追踪技术 实验室实验 法相 结合 方式 道德 受胁 消费行为 决策 偏好 使用 眼动仪 设备 记录 视力 试 阅读 类型 道德 冲突 情境 自我 群体 眼动 眼动 测定 被试 道德 冲突 情境 认知 加工 结合 实验室实验 法 探索 启动 类型 道德 受胁 自我 群体 试 生态产品 偏好 边界 心理 加工 机制 第一 启动 道德 受胁 启动 范式 边界条件 启动 刺激 材料 涉及 道德行为 必须 涉及 个人 切身利益 不是 涉及 个人 所在 群体 群体 利益 才能 成功 启动 道德 受胁 第二 个体 护 面子 倾向 边界条件 启动 被试 自我 肯定 时护 面子 倾向 道德 受胁 生态产品 偏好 发挥 中介 启动 被试 自我 肯定 个体 道德 威胁 时其 护 面子 倾向 生态 消费行为 中介效应 消失 丰富 拓展 道德 心理学 面子文化 营销 企业 制定 道德 营销策略 提供 理论依据 经验 证据 
93,声誉 利益结盟 关联 证券分析师 实地调研 动因 关键词 实地调研 关联 证券分析师 利益结盟 上市公司 利益结盟 关联 证券分析师 参与 实地调研 动因 具体来说 关联 证券分析师 实地调研 公司 发布 报告 盈余预测 准确度 下降 盈余预测 乐观 度 发布 评级 跟随 度 下降 纪要 披露 更为 详细 关联 调研 关联 证券分析师 发布 报告 盈余预测 准确性 下降 盈余预测 乐观 度 发布 评级 跟随 度 下降 
94,空气污染 企业库存 制造业企业 实证研究 关键词 空气污染 能见度 企业库存 近年来 空气污染 日益严重 空气污染 企业 生产 微观 实证研究 不多见 空气污染 明显 特征 空气 能见度 下降 企业 微观数据 能见度 交通运输 效率 引起 企业 库存 这一 微观 渠道 识别 大气污染 企业 生产力 下降 因果关系 具体 空气 能见度 人为 衡量 空气污染 企业 层面 固定效应模型 空气污染 制造业 企业库存 准 自然实验 微观 渠道 背后 因果关系 识别 工具变量 处理 内生性 之后 空气 能见度 下降 制造业企业 库存 将会 上升 依赖 交通运输 企业 受 空气污染 越大 溢出效应 附近 城市 空气污染 加剧 本地 企业 库存 
95,网络 突发事件 传播 控制策略 关键词 网络 突发事件 传播 控制策略 近年来 网络 突发事件 频发 社会 造成 极大 控制 网络 突发事件 已经 政府 官方 机构 热点问题 探讨 网络 突发事件 传播 中易 出现 相应 控制策略 策略 网络 突发事件 控制 实践 意义 
96,政府 合约 性质 经济 治理 地方政府 若干 实践 交易费用 关键词 政府 性质 政府 边界 市场 治理 经济 治理 交易费用 合约 政府 性质 边界 跨越 经济学 管理学 政治学 学科 社会科学 传统 学界 政府 角色定位 守夜人 裁判员 经济发展 具体 实践 中国政府 常常 突破 这一 界限 却 取得 良好 绩效 解释 现实 背离 摒弃 传统 经济学 政府 市场 二分法 市场 企业 二分法 微观 合约 角度 去 联接 市场 企业 政府 组织形式 交易费用 合约 所有 组织 本质 合约 合约 条款 形式 交易费用 决定 政府 性质 企业性质 交易费用 合约 组合 政府 本身 合约 性质 合约 链条 参与 企业 生产 企业 合约 连接 一起 起到 交易费用 生产成本 效果 合约 形式 多种多样 政府 企业 市场 不是 非此即彼 相互合作 相互 链接 相互竞争 西方 主流经济学 定量分析 无法 合约 细节 案例 交通运输 投资 生产 看似 应由 市场 发挥作用 地方政府 发挥 巨大作用 成绩 不菲 中国特色 政府 经济 治理模式 本质 合约 效率 经济发展 原因 
97,新常态 地方 投融资 平台 转型 发展 对策建议 关键词 金融风险 地方 投融资 平台 政策建议 地方 投融资 平台 经济 社会 发展 发挥 一些 较为 严重 解决 严重 风险 制约 地方 投融资 平台 发展 危及 金融 经济 稳定 地方 投融资 平台 转型 发展 节点 重新 定位 职能 转型 发展 一些 看法 建议 
98,大学扩招 高等教育 溢价 关键词 大学扩招 教育溢价 收入差距 替代弹性 大学扩招 迅速 剧烈地 高等教育 劳动力 供给 年龄段 看 短时期 内 扩招 年轻 劳动力 当中 教育 供给 年龄 教育 双层 嵌套 框架 供给冲击 年龄段 教育溢价 机制 城镇 住户调查 工具变量 估算 特定 年龄段 教育 劳动力 相对 供给 年龄段 高等教育 溢价 下降 期内 大学扩招 年轻 劳动力 高等教育 溢价 使岁 年轻 劳动力 高等教育 溢价 下降 时间推移 大学扩招 将会 遍布 所有 年龄段 劳动力 预测 高等教育 溢价 大学扩招 累计 
99,区域 政府竞争 关键词 区域政府 企业 市场理论 竞争 区域 可指 地区 国家 区域 政府竞争 外 可能性 内在 必然性 区域 政府竞争 企业 竞争 竞争 手段 路径 导向 模式 不同点 区域 政府竞争 项目 竞争 产业链 配套 竞争 人才 科技 竞争 财政 金融 竞争 基础设施 竞争 环境 体系 竞争政策 体系 竞争 管理效率 竞争 政府 超前 引领 区域 竞争 发展 关键 
